{
  "rooms": {
    "1747050003882": {
      "id": "1747050003882",
      "a": "33221852120@s.whatsapp.net",
      "b": "6285707615493@s.whatsapp.net",
      "state": "CHATTING",
      "createdAt": "2025-05-12T11:40:03.882Z"
    }
  },
  "userGender": {
    "6285646584823@s.whatsapp.net": "male",
    "33221852120@s.whatsapp.net": "male",
    "6285707615493@s.whatsapp.net": "male"
  },
  "filters": {
    "6285646584823@s.whatsapp.net": {},
    "33221852120@s.whatsapp.net": {},
    "6285707615493@s.whatsapp.net": {}
  },
  "matchHistory": {
    "6285646584823@s.whatsapp.net_33221852120@s.whatsapp.net": 1747049366749
  }
}